date,open,high,low,close,volume_btc,volume_usd,log_ret,abs_log_ret
2025-04-01,82539.52,85554.98,82419.98,85174.96,23296.36,1962356062.59,,
2025-04-02,85174.96,88505.24,82299.2,82490.58,41160.08,3519914220.4,-0.03202338892233885,0.03202338892233885
2025-04-03,82490.58,83928.41,81178.57,83158.8,28340.47,2335462308.44,0.008067927868055024,0.008067927868055024
2025-04-04,83158.8,84716.02,81648.68,83860.21,37104.6,3085885741.07,0.00839921304183538,0.00839921304183538
2025-04-05,83860.21,84230.44,82357.52,83503.37,7478.68,622496989.4,-0.004264255589270933,0.004264255589270933
2025-04-06,83503.37,83756.1,77079.93,78365.57,29753.86,2374631982.2,-0.06350231758892352,0.06350231758892352
2025-04-07,78365.57,81172.27,74426.93,79143.06,71279.71,5546499783.12,0.009872428130671415,0.009872428130671415
2025-04-08,79143.06,80835.83,76181.24,76255.1,39397.81,3084760820.88,-0.03717280236887648,0.03717280236887648
2025-04-09,76255.1,83574.06,74569.86,82587.03,62853.19,4963132858.37,0.07976834790924821,0.07976834790924821
2025-04-10,82587.03,82710.13,78405.82,79554.96,31362.13,2526317821.03,-0.03740454284306637,0.03740454284306637
2025-04-11,79554.96,84266.51,78924.27,83386.0,29349.5,2412186958.4,0.047032326003355954,0.047032326003355954
2025-04-12,83386.0,85899.74,82766.93,85272.12,14180.76,1196895442.75,0.022367125081072452,0.022367125081072452
2025-04-13,85272.12,86079.47,83019.76,83730.92,16310.95,1375187409.37,-0.018239230792783546,0.018239230792783546
2025-04-14,83730.92,85796.21,83667.03,84575.75,24118.6,2042899221.49,0.010039258641677299,0.010039258641677299
2025-04-15,84575.75,86473.18,83596.04,83638.17,18210.0,1548187876.56,-0.011147587658635738,0.011147587658635738
2025-04-16,83638.17,85485.35,83094.96,84029.4,22244.37,1871983984.29,0.004666742770028803,0.004666742770028803
2025-04-17,84029.4,85472.23,83725.98,84943.42,15229.6,1288802970.79,0.010818650182525867,0.010818650182525867
2025-04-18,84943.42,85132.75,84287.73,84459.96,5504.81,465771169.06,-0.005707811881410951,0.005707811881410951
2025-04-19,84459.96,85614.27,84355.7,85061.54,5342.18,454642234.58,0.007097418620032447,0.007097418620032447
2025-04-20,85061.54,85302.3,83954.54,85167.14,5694.47,482671707.92,0.0012406841613977462,0.0012406841613977462
2025-04-21,85167.14,88526.3,85132.52,87515.57,30403.0,2657452654.45,0.02720104170061272,0.02720104170061272
2025-04-22,87515.57,93937.07,87084.84,93483.3,42804.67,3880446944.47,0.06596609032561478,0.06596609032561478
2025-04-23,93483.3,94656.65,91943.03,93729.23,32977.9,3081124602.45,0.002627282922391338,0.002627282922391338
2025-04-24,93729.23,94047.54,91693.21,94022.48,21490.53,2000861098.9,0.003123808975860262,0.003123808975860262
2025-04-25,94022.48,95924.19,92883.11,94711.24,32483.13,3078073390.5,0.007298781136135702,0.007298781136135702
2025-04-26,94711.24,95258.03,93916.48,94663.66,7391.42,698471645.53,-0.0005024953254224839,0.0005024953254224839
2025-04-27,94663.66,95346.43,93671.22,93777.44,7713.95,726739226.7,-0.009405873067822416,0.009405873067822416
2025-04-28,93777.44,95636.66,92864.35,95035.06,20417.05,1925071151.02,0.013321560791431304,0.013321560791431304
2025-04-29,95035.06,95487.2,93780.51,94274.16,16856.75,1599631635.46,-0.008038743147642856,0.008038743147642856
2025-04-30,94274.16,95250.77,92968.85,94186.14,21486.05,2024539251.94,-0.0009340960021824148,0.0009340960021824148
2025-05-01,94186.14,97505.38,94150.92,96519.31,23665.14,2278228402.24,0.02447005495470042,0.02447005495470042
2025-05-02,96519.31,97939.99,96386.78,96925.07,16175.06,1571644595.63,0.0041951138108018765,0.0041951138108018765
2025-05-03,96925.07,96963.89,95826.0,95903.14,7082.92,682121711.48,-0.0105994819712125,0.0105994819712125
2025-05-04,95903.14,96326.95,94313.27,94394.09,10960.75,1046015845.6,-0.01586025853399384,0.01586025853399384
2025-05-05,94394.09,95224.21,93694.42,94767.95,17619.91,1661608010.46,0.0039528066707972195,0.0039528066707972195
2025-05-06,94767.95,96911.52,93382.91,96835.87,18330.26,1735613081.89,0.021586211563950887,0.021586211563950887
2025-05-07,96835.87,97720.02,95816.56,97052.27,20000.95,1936285634.4,0.0022322158524629336,0.0022322158524629336
2025-05-08,97052.27,104147.97,96905.18,103259.0,40299.96,4054486165.35,0.061990695765902375,0.061990695765902375
2025-05-09,103259.0,104353.74,102332.43,102982.3,22760.45,2345592246.87,-0.0026832663100755613,0.0026832663100755613
2025-05-10,102982.3,104980.23,102830.2,104814.08,9107.42,944047262.42,0.017630985205216967,0.017630985205216967
2025-05-11,104814.08,104958.29,103353.87,104124.02,10980.95,1144137614.49,-0.006605425329663129,0.006605425329663129
2025-05-12,104124.02,105783.35,100723.18,102802.44,27678.93,2862364942.19,-0.012773600530065219,0.012773600530065219
2025-05-13,102802.44,105015.14,101466.16,104136.59,20326.97,2105889171.38,0.012894314668137306,0.012894314668137306
2025-05-14,104136.59,104357.47,102615.68,103543.76,16577.27,1716689620.72,-0.005709077533842624,0.005709077533842624
2025-05-15,103543.76,104197.65,101407.14,103787.64,17867.52,1837798016.09,0.0023525632150323606,0.0023525632150323606
2025-05-16,103787.64,104594.19,103138.18,103499.6,14498.25,1506289579.07,-0.0027791405336155244,0.0027791405336155244
2025-05-17,103499.6,103729.29,102642.39,103159.32,5830.13,601366594.09,-0.0032931586744476033,0.0032931586744476033
2025-05-18,103159.32,106670.63,103144.58,106488.62,12986.86,1361010736.04,0.03176353569083279,0.03176353569083279
2025-05-19,106488.62,107117.46,102104.37,105618.19,23756.73,2480463388.93,-0.008207514753981729,0.008207514753981729
2025-05-20,105618.19,107339.72,104220.59,106875.88,19460.7,2062199314.32,0.011837550915094912,0.011837550915094912
2025-05-21,106875.88,110778.49,106133.62,109699.86,38005.12,4104199576.95,0.026079929931376134,0.026079929931376134
2025-05-22,109699.86,111998.96,109250.4,111722.11,25391.66,2820234493.39,0.018266536328066765,0.018266536328066765
2025-05-23,111722.11,111810.26,106807.62,107332.91,25390.32,2775108378.21,-0.0400793146314557,0.0400793146314557
2025-05-24,107332.91,109512.56,106896.28,107779.46,8974.86,972112098.0,0.004151789517682599,0.004151789517682599
2025-05-25,107779.46,109349.07,106643.02,109041.44,10033.32,1080850082.19,0.011640891177128205,0.011640891177128205
2025-05-26,109041.44,110459.23,108718.82,109461.24,14310.31,1568531304.43,0.003842520526773709,0.003842520526773709
2025-05-27,109461.24,110802.2,107543.83,108975.95,22990.09,2520257081.13,-0.00444329830848925,0.00444329830848925
2025-05-28,108975.95,109328.61,106799.94,107821.11,18610.56,2010518282.08,-0.010653750775702488,0.010653750775702488
2025-05-29,107821.11,108929.95,105327.79,105586.78,24372.04,2610280801.53,-0.02094029086515917,0.02094029086515917
2025-05-30,105586.78,106348.19,103650.43,104039.27,23541.73,2473658024.71,-0.01476475001764362,0.01476475001764362
2025-05-31,104039.27,104959.61,103127.75,104654.65,8552.6,890138427.14,0.005897457708166162,0.005897457708166162
2025-06-01,104654.65,105924.77,103823.88,105702.19,7524.76,788781340.28,0.009959729945741524,0.009959729945741524
2025-06-02,105702.19,105988.22,103708.71,105908.79,15178.71,1589665625.81,0.0019526403180380205,0.0019526403180380205
2025-06-03,105908.79,106888.12,104926.88,105447.66,15596.95,1652394373.05,-0.004363535928773302,0.004363535928773302
2025-06-04,105447.66,106044.55,104206.69,104746.0,12621.93,1327155925.5,-0.00667634415128469,0.00667634415128469
2025-06-05,104746.0,105975.11,100418.61,101580.61,27489.96,2835254363.62,-0.03068570144143307,0.03068570144143307
2025-06-06,101580.61,105426.24,101174.97,104392.54,23040.48,2391698461.05,0.027305546482557553,0.027305546482557553
2025-06-07,104392.54,105974.42,103976.29,105625.23,8589.54,903776492.08,0.011739046233016236,0.011739046233016236
2025-06-08,105625.23,106537.25,105042.03,105779.28,5871.71,621667329.31,0.0014573958452152808,0.0014573958452152808
2025-06-09,105779.28,110543.89,105372.62,110302.12,17851.91,1927020528.87,0.041868487348023974,0.041868487348023974
2025-06-10,110302.12,110403.6,108373.44,110296.2,15646.83,1712252251.27,-5.3672212929106696e-05,5.3672212929106696e-05
2025-06-11,110296.2,110425.64,108096.82,108676.78,14497.2,1585492756.74,-0.014791318317319268,0.014791318317319268
2025-06-12,108676.78,108843.81,105721.73,105726.04,18051.35,1937273976.29,-0.02752693570171926,0.02752693570171926
2025-06-13,105726.04,106224.76,102773.14,106121.08,27266.37,2853509529.91,0.003729486224654906,0.003729486224654906
2025-06-14,106121.08,106260.08,104386.29,105481.13,7543.44,792948934.46,-0.006048632016622071,0.006048632016622071
2025-06-15,105481.13,106189.63,104546.11,105625.23,6583.09,693686973.05,0.0013651888306957438,0.0013651888306957438
2025-06-16,105625.23,109014.33,105016.81,106855.39,17191.01,1846109491.24,0.011579161851545582,0.011579161851545582
2025-06-17,106855.39,107795.31,103378.64,104598.68,22652.14,2383744168.87,-0.021345492992977735,0.021345492992977735
2025-06-18,104598.68,105579.84,103547.15,104927.87,18605.58,1945024806.28,0.003142229668342208,0.003142229668342208
2025-06-19,104927.87,105264.38,103951.44,104699.72,9905.95,1036540458.21,-0.0021767181513000842,0.0021767181513000842
2025-06-20,104699.72,106559.45,102367.77,103313.31,17700.79,1845670588.12,-0.013330227724480765,0.013330227724480765
2025-06-21,103313.31,104021.01,100925.53,102165.68,11217.17,1151399558.13,-0.011170406601878225,0.011170406601878225
2025-06-22,102165.68,103430.09,98264.46,101015.42,30700.21,3086806069.73,-0.011322630783801958,0.011322630783801958
2025-06-23,101015.42,106134.09,99685.07,105423.73,35198.88,3606601777.41,0.04271457462631598,0.04271457462631598
2025-06-24,105423.73,106358.78,104710.65,106133.25,19908.29,2099787246.67,0.006707627044405696,0.006707627044405696
2025-06-25,106133.25,108196.78,105880.48,107399.88,19838.91,2128340951.52,0.011863684629773686,0.011863684629773686
2025-06-26,107399.88,108330.6,106605.5,107012.17,14664.25,1575810932.89,-0.003616498443753262,0.003616498443753262
2025-06-27,107012.17,107793.99,106421.82,107105.16,16821.31,1799885723.45,0.0008685892528767807,0.0008685892528767807
2025-06-28,107105.16,107591.48,106884.15,107346.44,3472.45,372614444.73,0.0022502056576738897,0.0022502056576738897
2025-06-29,107346.44,108538.36,107233.58,108391.87,6094.35,657403121.35,0.009691724970403322,0.009691724970403322
2025-06-30,108391.87,108815.66,106756.38,107169.82,14220.51,1530756559.33,-0.011338407043917734,0.011338407043917734
2025-07-01,107169.82,107574.08,105295.02,105724.18,15730.48,1673173144.76,-0.013581051791191607,0.013581051791191607
2025-07-02,105724.18,109818.47,105143.1,108886.62,19611.45,2124516059.08,0.02947353001882062,0.02947353001882062
2025-07-03,108886.62,110584.4,108579.56,109638.97,16647.63,1825182141.8,0.006885719632228407,0.006885719632228407
2025-07-04,109638.97,109810.02,107283.92,108027.71,10440.09,1130647600.78,-0.014805108720049889,0.014805108720049889
2025-07-05,108027.71,108444.73,107798.16,108244.51,3465.16,374668091.72,0.0020048813723727143,0.0020048813723727143
2025-07-06,108244.51,109728.96,107846.02,109233.93,5651.56,614763572.9,0.00909907967366414,0.00909907967366414
2025-07-07,109233.93,109737.83,107513.97,108277.16,13350.41,1447160434.07,-0.008797493229707099,0.008797493229707099
2025-07-08,108277.16,109248.31,107445.04,108955.05,12122.12,1316408874.89,0.006241175748707206,0.006241175748707206
2025-07-09,108955.05,112077.21,108341.92,111291.7,19761.34,2177951432.55,0.021219270421429175,0.021219270421429175
2025-07-10,111291.7,116848.31,110555.52,116023.34,31905.27,3616719327.76,0.041636695488262376,0.041636695488262376
2025-07-11,116023.34,118890.32,115236.69,117573.92,26050.27,3060911543.15,0.013275864399203885,0.013275864399203885
2025-07-12,117573.92,118239.99,116954.09,117468.16,7395.67,869899617.34,-0.000899924023286318,0.000899924023286318
2025-07-13,117468.16,119503.56,117264.6,119127.66,9553.52,1133368267.75,0.01402837307145988,0.01402837307145988
2025-07-14,119127.66,123220.28,118951.55,119869.01,31361.7,3784774921.45,0.006203872026809082,0.006203872026809082
2025-07-15,119869.01,119958.94,115709.64,117777.9,50123.19,5881848280.87,-0.017598915732506316,0.017598915732506316
2025-07-16,117777.9,120122.22,117043.92,118700.37,27837.68,3310853209.79,0.007801771207497899,0.007801771207497899
2025-07-17,118700.37,121020.95,117485.98,119282.74,25218.52,3000532789.4,0.004894222640243302,0.004894222640243302
2025-07-18,119282.74,120911.16,116902.92,118025.92,26111.51,3096339405.33,-0.010592379992279936,0.010592379992279936
2025-07-19,118025.92,118572.53,117339.41,117913.27,6706.12,791893576.81,-0.000954907139928375,0.000954907139928375
2025-07-20,117913.27,118903.91,116533.22,117328.61,9166.19,1081488186.29,-0.00497072378284917,0.00497072378284917
2025-07-21,117328.61,119712.2,116581.7,117441.75,18543.72,2187836280.67,0.0009638355434538632,0.0009638355434538632
2025-07-22,117441.75,120298.65,116186.23,120023.5,21981.53,2607540535.18,0.021745090961193828,0.021745090961193828
2025-07-23,120023.5,120167.5,117361.89,118808.78,17163.7,2029832616.05,-0.010172247020978402,0.010172247020978402
2025-07-24,118808.78,119555.88,117214.42,118397.33,17930.71,2128340080.84,-0.0034691384015974516,0.0034691384015974516
2025-07-25,118397.33,118523.27,114756.37,117644.11,47767.94,5546818211.88,-0.006382121348225381,0.006382121348225381
2025-07-26,117644.11,118355.11,117143.68,117971.27,10959.83,1291296798.52,0.0027770700729131733,0.0027770700729131733
2025-07-27,117971.27,119808.28,117872.15,119468.71,10341.68,1228024808.19,0.012613375836393308,0.012613375836393308
2025-07-28,119468.71,119835.44,117403.28,118059.92,18092.6,2142740462.44,-0.011862203890275048,0.011862203890275048
2025-07-29,118059.92,119285.96,116933.73,117942.11,17580.06,2073820445.19,-0.000998381325666878,0.000998381325666878
2025-07-30,117942.11,118800.1,115769.47,117853.3,18335.33,2153325010.48,-0.0007532801779259126,0.0007532801779259126
2025-07-31,117853.3,118927.15,115493.77,115765.36,16934.89,1991848800.07,-0.01787524674064931,0.01787524674064931
2025-08-01,115765.36,116060.68,112682.82,113263.48,33588.86,3851719228.71,-0.02184859796916149,0.02184859796916149
2025-08-02,113263.48,114033.98,112006.36,112546.32,12452.57,1407609649.0,-0.006351915738463341,0.006351915738463341
2025-08-03,112546.32,114803.51,111925.95,114238.83,8326.85,947196437.08,0.014926386703291758,0.014926386703291758
2025-08-04,114238.83,115744.56,114140.41,115065.9,14470.62,1662390456.96,0.007213750772605032,0.007213750772605032
2025-08-05,115065.9,115111.39,112629.49,114127.63,16922.91,1925704360.18,-0.00818762415829195,0.00818762415829195
2025-08-06,114127.63,115748.22,113364.73,115038.45,14480.66,1659630182.7,0.007949036751055101,0.007949036751055101
2025-08-07,115038.45,117690.87,114288.63,117522.28,16359.62,1904030478.64,0.021361512322896802,0.021361512322896802
2025-08-08,117522.28,117698.38,115895.35,116692.86,14582.39,1702088353.29,-0.00708257772895166,0.00708257772895166
2025-08-09,116692.86,117940.29,116360.05,116501.28,7930.51,926558904.04,-0.001643094831642718,0.001643094831642718
2025-08-10,116501.28,119320.76,116496.35,119311.7,10554.12,1248946431.14,0.023837136312432068,0.023837136312432068
2025-08-11,119311.7,122309.71,118106.91,118714.58,25659.91,3086540255.03,-0.005017271644195677,0.005017271644195677
2025-08-12,118714.58,120325.99,118214.28,120128.24,18213.63,2172908089.75,0.011837714092890594,0.011837714092890594
2025-08-13,120128.24,123735.38,118948.18,123374.56,27352.96,3321096939.91,0.026665092553583163,0.026665092553583163
2025-08-14,123374.56,124532.7,117241.12,118391.59,35491.88,4249355541.57,-0.04122724186284969,0.04122724186284969
2025-08-15,118391.59,119335.93,116865.92,117440.09,19724.55,2327158152.31,-0.008069358307035548,0.008069358307035548
2025-08-16,117440.09,118000.57,117242.73,117469.52,6405.98,753827490.14,0.0002505644631053932,0.0002505644631053932
2025-08-17,117469.52,118639.81,117268.69,117488.0,6706.31,791200441.51,0.0001573050314635928,0.0001573050314635928
2025-08-18,117488.0,117627.66,114716.49,116292.15,22732.79,2634618667.75,-0.010230641313105363,0.010230641313105363
2025-08-19,116292.15,116789.95,112738.04,112870.67,26286.85,3006851749.91,-0.029862909413628673,0.029862909413628673
2025-08-20,112870.67,114642.26,112387.14,114291.37,22978.24,2610717313.9,0.012508414905627388,0.012508414905627388
2025-08-21,114291.37,114816.84,111993.84,112491.84,19947.31,2256735254.8,-0.015870379207675946,0.015870379207675946
2025-08-22,112491.84,117428.1,111675.14,116909.79,28375.72,3261042644.22,0.03852192608311376,0.03852192608311376
2025-08-23,116909.79,117003.31,114533.54,115391.76,8271.23,955311763.7,-0.013069664051785298,0.013069664051785298
2025-08-24,115391.76,115626.28,110860.71,113486.67,17025.82,1932434686.25,-0.016647562621460225,0.016647562621460225
2025-08-25,113486.67,113648.57,109292.22,110150.15,33305.33,3708998747.39,-0.029840950063523768,0.029840950063523768
2025-08-26,110150.15,112407.53,108701.29,111805.93,27215.82,2999152225.36,0.014920165432451876,0.014920165432451876
2025-08-27,111805.93,112669.11,110381.63,111276.98,21850.84,2440706983.66,-0.004742191961444971,0.004742191961444971
2025-08-28,111276.98,113487.65,110887.39,112582.21,16865.13,1898278605.83,0.011661301830370034,0.011661301830370034
2025-08-29,112582.21,112646.73,107512.41,108393.15,29122.98,3185827654.7,-0.03791881520125768,0.03791881520125768
2025-08-30,108393.15,108937.23,107381.29,108833.53,9682.99,1049906247.96,0.004054571964217981,0.004054571964217981
2025-08-31,108833.53,109510.25,108095.95,108273.72,9099.54,990157824.59,-0.005157001810514022,0.005157001810514022
2025-09-01,108273.72,109913.29,107271.39,109256.28,21783.85,2365084072.12,0.009033849880513305,0.009033849880513305
2025-09-02,109256.28,111796.23,108420.77,111245.94,27112.92,2993969175.78,0.018047110837237756,0.018047110837237756
2025-09-03,111245.94,112601.73,110556.54,111751.51,19087.45,2132239039.57,0.004534319708247442,0.004534319708247442
2025-09-04,111751.51,112225.93,109345.22,110732.33,19577.2,2162838407.83,-0.00916189804334585,0.00916189804334585
2025-09-05,110732.33,113400.39,110217.27,110676.99,28328.28,3163045481.16,-0.0004998886329843419,0.0004998886329843419
2025-09-06,110676.99,111320.3,110019.89,110230.16,6640.6,734143439.06,-0.004045415545659369,0.004045415545659369
2025-09-07,110230.16,111607.85,110215.7,111143.24,6492.41,720954382.33,0.008249276362573688,0.008249276362573688
2025-09-08,111143.24,112937.76,110628.16,112089.06,16345.84,1829788896.49,0.008473914032320047,0.008473914032320047
2025-09-09,112089.06,113293.12,110777.59,111549.14,18844.58,2108163610.41,-0.004828522578007935,0.004828522578007935
2025-09-10,111549.14,114341.92,110940.58,113988.2,23523.08,2661952161.9,0.02162972296362845,0.02162972296362845
2025-09-11,113988.2,115543.74,113457.52,115537.84,18345.68,2096575532.81,0.0135031610889027,0.0135031610889027
2025-09-12,115537.84,116816.49,114785.3,116116.26,20842.83,2412089976.27,0.004993835223045629,0.004993835223045629
2025-09-13,116116.26,116361.05,115207.42,115971.92,7083.57,820638135.29,-0.0012438377396851244,0.0012438377396851244
2025-09-14,115971.92,116227.37,115203.8,115351.87,7290.45,843593558.49,-0.0053608968189434334,0.0053608968189434334
2025-09-15,115351.87,116808.07,114427.7,115401.06,18559.61,2137738674.14,0.00042634345527144596,0.00042634345527144596
2025-09-16,115401.06,117006.56,114765.74,116838.31,16305.16,1890323067.86,0.012377473716597337,0.012377473716597337
2025-09-17,116838.31,117331.11,114742.84,116488.17,23702.53,2750924037.55,-0.0030012904050231693,0.0030012904050231693
2025-09-18,116488.17,117981.11,116134.78,117126.46,19195.15,2253362090.44,0.005464483010401024,0.005464483010401024
2025-09-19,117126.46,117510.96,115150.85,115701.97,16753.48,1947524484.47,-0.012236544947621485,0.012236544947621485
2025-09-20,115701.97,116202.27,115488.37,115756.07,5995.45,694697640.09,0.0004674713480267114,0.0004674713480267114
2025-09-21,115756.07,115900.98,115262.9,115299.83,5422.99,626782372.11,-0.003949179336778956,0.003949179336778956
2025-09-22,115299.83,115439.04,112027.44,112747.85,28253.02,3197786129.9,-0.022382043394520493,0.022382043394520493
2025-09-23,112747.85,113372.59,111518.32,112043.66,18488.69,2080069063.95,-0.006265292701802234,0.006265292701802234
2025-09-24,112043.66,114013.4,111118.7,113360.69,17597.56,1988342351.86,0.011686065403972611,0.011686065403972611
2025-09-25,113360.69,113559.7,108664.26,109061.11,34940.33,3874673081.63,-0.03866631483715072,0.03866631483715072
2025-09-26,109061.11,110387.27,108695.14,109723.94,27943.91,3057709370.2,0.006059207682856101,0.006059207682856101
2025-09-27,109723.94,109822.37,109156.33,109727.42,7105.98,778286679.14,3.171545622033994e-05,3.171545622033994e-05
2025-09-28,109727.42,112406.99,109280.14,112226.65,11935.68,1316899924.45,0.022521196697353245,0.022521196697353245
2025-09-29,112226.65,114496.59,111625.37,114407.08,19529.19,2209223703.69,0.019242477976310724,0.019242477976310724
2025-09-30,114407.08,114866.53,112727.79,114078.18,22976.41,2612642606.56,-0.002878962320561699,0.002878962320561699
2025-10-01,114078.18,118722.74,114004.91,118666.73,28249.14,3288729604.9,0.03943497306960967,0.03943497306960967
2025-10-02,118666.73,121107.24,118356.65,120630.71,27985.21,3348607182.92,0.016414919434720975,0.016414919434720975
2025-10-03,120630.71,123996.37,119348.63,122318.86,35664.64,4338240508.78,0.013897346434138882,0.013897346434138882
2025-10-04,122318.86,122898.15,121598.23,122455.39,9977.25,1218962839.87,0.00111555863542803,0.00111555863542803
2025-10-05,122455.39,125748.81,122213.36,123535.21,21834.57,2703677561.24,0.00877941625304698,0.00877941625304698
2025-10-06,123535.21,126287.29,123143.47,124723.0,27874.8,3478551798.53,0.009569061691945465,0.009569061691945465
2025-10-07,124723.0,125225.23,120661.76,121414.53,29039.6,3568433457.82,-0.026884719892268785,0.026884719892268785
2025-10-08,121414.53,124254.95,121116.33,123358.65,25262.59,3098621661.77,0.015885407726716365,0.015885407726716365
2025-10-09,123358.65,123818.95,119741.93,121713.94,26848.29,3266509707.34,-0.013422428780989686,0.013422428780989686
2025-10-10,121713.94,122586.57,105833.75,112998.91,63865.23,7411664103.33,-0.07429536474626337,0.07429536474626337
2025-10-11,112998.91,113462.03,109711.01,110779.65,38127.92,4260858251.85,-0.019835079463208418,0.019835079463208418
2025-10-12,110779.65,115849.48,109708.26,115084.73,36833.57,4154852090.6,0.03812554649597641,0.03812554649597641
2025-10-13,115084.73,116064.34,113754.71,115279.04,30207.33,3475980079.05,0.001686984425393835,0.001686984425393835
2025-10-14,115279.04,115514.54,109983.29,113097.76,39286.64,4415300609.88,-0.0191030466622109,0.0191030466622109
2025-10-15,113097.76,113679.91,110229.66,110819.47,30171.93,3370232022.3,-0.02035009654653104,0.02035009654653104
2025-10-16,110819.47,112027.41,107501.51,108212.4,44973.38,4931780713.35,-0.023806518463731524,0.023806518463731524
2025-10-17,108212.4,109278.91,103552.05,106485.41,48249.26,5124514044.62,-0.01608798197420504,0.01608798197420504
2025-10-18,106485.41,107544.75,106382.73,107228.76,11815.48,1263875181.71,0.006956515777584739,0.006956515777584739
2025-10-19,107228.76,109508.08,106146.21,108701.79,18116.25,1956837354.37,0.013643765095698694,0.013643765095698694
2025-10-20,108701.79,111743.25,107486.38,110583.29,27390.05,3024980668.92,0.017160731349904226,0.017160731349904226
2025-10-21,110583.29,114069.11,107500.34,108387.11,40819.23,4507488183.36,-0.020059822186883264,0.020059822186883264
2025-10-22,108387.11,109181.59,106750.91,107604.16,34388.98,3715585780.1,-0.007249861805529189,0.007249861805529189
2025-10-23,107604.16,111341.37,107527.17,110114.95,22351.32,2450418378.51,0.02306551146963039,0.02306551146963039
2025-10-24,110114.95,111967.35,109742.29,111046.29,19795.99,2193655220.33,0.008422321247751177,0.008422321247751177
2025-10-25,111046.29,111960.99,110709.35,111671.84,5949.66,663139261.5,0.005617429034282236,0.005617429034282236
2025-10-26,111671.84,115420.91,111281.45,114559.89,13255.98,1502383516.36,0.025533172574303244,0.025533172574303244
2025-10-27,114559.89,116395.5,113855.65,114115.08,18980.68,2184835505.2,-0.0038903301135596326,0.0038903301135596326
2025-10-28,114115.08,116105.23,112249.3,112930.68,20610.35,2354798941.53,-0.010433233756130004,0.010433233756130004
2025-10-29,112930.68,113669.5,109339.16,110064.53,25061.43,2800964736.4,-0.02570734899444721,0.02570734899444721
2025-10-30,110064.53,111617.77,106319.98,108326.41,33363.2,3623082463.09,-0.015917846225070312,0.015917846225070312
2025-10-31,108326.41,111081.78,108295.99,109580.94,24417.33,2677616192.81,0.01151447035404257,0.01151447035404257
2025-11-01,109580.94,110513.95,109378.81,110104.4,6377.31,701873036.06,0.004765552318320344,0.004765552318320344
2025-11-02,110104.4,111199.6,109485.51,110564.52,11170.49,1233024892.84,0.004170235362764072,0.004170235362764072
2025-11-03,110564.52,110748.58,105315.16,106580.38,34536.33,3707370586.13,-0.03669979970309837,0.03669979970309837
2025-11-04,106580.38,107289.91,98932.13,101493.23,57282.41,5883230356.44,-0.048907345509223474,0.048907345509223474
2025-11-05,101493.23,104543.57,98978.04,103893.5,35631.18,3649971434.76,0.023374239244277728,0.023374239244277728
2025-11-06,103893.5,104201.89,100266.6,101302.75,32306.54,3300189453.88,-0.02525277802019941,0.02525277802019941
2025-11-07,101302.75,104039.73,99207.58,103301.61,38050.15,3859784919.88,0.01953940370291528,0.01953940370291528
2025-11-08,103301.61,103353.75,101453.48,102304.79,13228.46,1353025871.14,-0.00969646674611647,0.00969646674611647
2025-11-09,102304.79,105466.47,101415.54,104721.32,17136.04,1768769402.16,0.023346231633399786,0.023346231633399786
2025-11-10,104721.32,106648.26,104270.97,105988.36,23693.26,2506360068.91,0.012026550197389387,0.012026550197389387
2025-11-11,105988.36,107489.75,102465.73,103033.54,22618.21,2363088563.61,-0.028274710470300543,0.028274710470300543
2025-11-12,103033.54,105327.79,100818.69,101660.22,23740.26,2442775374.2,-0.013418490198559585,0.013418490198559585
2025-11-13,101660.22,104048.87,97956.87,99644.14,44584.48,4485055113.5,-0.02003083698344537,0.02003083698344537
2025-11-14,99644.14,99836.81,94006.67,94531.81,64051.76,6169788916.03,-0.05266884749469156,0.05266884749469156
2025-11-15,94531.81,96761.57,94516.28,95555.28,18574.48,1779382556.84,0.010768536571634974,0.010768536571634974
2025-11-16,95555.28,96574.81,93006.43,94244.44,26755.82,2531966320.57,-0.013813095640665006,0.013813095640665006
2025-11-17,94244.44,95973.02,91244.75,92141.25,48309.81,4519819656.92,-0.022569106817697786,0.022569106817697786
2025-11-18,92141.25,93785.83,89289.38,92946.24,50671.19,4643651409.0,0.008698535765535063,0.008698535765535063
2025-11-19,92946.24,92963.84,88529.93,91483.02,48242.24,4367651167.54,-0.01586788020337704,0.01586788020337704
2025-11-20,91483.02,93082.73,86019.03,86553.58,56931.35,5067984092.5,-0.055389737149491323,0.055389737149491323
2025-11-21,86553.58,87404.99,80562.05,85087.62,89136.71,7497064318.5,-0.017082095054561458,0.017082095054561458
2025-11-22,85087.62,85562.12,83462.76,84696.98,23440.3,1978095092.65,-0.004601603317480551,0.004601603317480551
2025-11-23,84696.98,88106.69,84639.73,86823.45,27848.78,2411303412.83,0.024796800701129194,0.024796800701129194
2025-11-24,86823.45,89227.26,85242.01,88288.33,44709.41,3899541725.92,0.016731189325559982,0.016731189325559982
2025-11-25,88288.33,88494.81,86089.7,87340.82,32065.82,2799155557.35,-0.010789999185564406,0.010789999185564406
2025-11-26,87340.82,90634.17,86298.47,90487.28,30484.49,2694221350.78,0.03539135173163352,0.03539135173163352
2025-11-27,90487.28,91934.77,90083.46,91327.26,21381.51,1949917850.01,0.009240030817349016,0.009240030817349016
2025-11-28,91327.26,93116.85,90242.43,90917.53,28364.69,2595318230.11,-0.004496487283286568,0.004496487283286568
2025-11-29,90917.53,91201.7,90211.19,90842.76,9605.76,871610718.83,-0.0008227320083784907,0.0008227320083784907
2025-11-30,90842.76,91983.85,90363.83,90381.34,11291.12,1030115399.98,-0.005092269704722899,0.005092269704722899
2025-12-01,90381.34,90443.38,83828.42,86302.37,56213.9,4839357127.84,-0.04618077010925612,0.04618077010925612
2025-12-02,86302.37,92332.31,86199.69,91315.07,45736.14,4090746747.17,0.05645877416797277,0.05645877416797277
2025-12-03,91315.07,94192.91,91041.2,93464.62,41538.16,3856959977.71,0.023267134742045874,0.023267134742045874
2025-12-04,93464.62,94089.06,90913.17,92106.94,28655.33,2655580450.16,-0.0146326756633068,0.0146326756633068
2025-12-05,92106.94,92717.53,88116.59,89352.03,32962.38,2976454083.09,-0.03036633231047527,0.03036633231047527
2025-12-06,89352.03,90291.46,88942.96,89262.3,10824.34,969656691.35,-0.001004734699040846,0.001004734699040846
2025-12-07,89262.3,91783.95,87756.05,90413.99,19003.3,1705564638.74,0.012819785771559003,0.012819785771559003
2025-12-08,90413.99,92303.63,89623.92,90661.73,29264.71,2657534555.78,0.00273631555437484,0.00273631555437484
2025-12-09,90661.73,94617.1,89530.61,92701.41,33300.59,3069266494.39,0.02224835519601936,0.02224835519601936
2025-12-10,92701.41,94506.56,91582.52,92038.34,31975.44,2959837905.11,-0.007178453444278886,0.007178453444278886
2025-12-11,92038.34,93581.1,89281.34,92546.9,34699.18,3150988931.6,0.005510313682793679,0.005510313682793679
2025-12-12,92546.9,92774.35,89499.86,90277.47,23943.19,2181249699.44,-0.02482761541954264,0.02482761541954264
2025-12-13,90277.47,90655.09,89789.11,90262.18,4873.94,439868316.39,-0.00016938107542102673,0.00016938107542102673
2025-12-14,90262.18,90495.22,87605.5,88169.62,13925.51,1240055595.3,-0.02345608732198349,0.02345608732198349
2025-12-15,88169.62,90044.99,85149.06,86421.58,32063.56,2801710553.18,-0.020025046092123105,0.020025046092123105
2025-12-16,86421.58,88144.98,85264.64,87851.74,29881.81,2601098656.79,0.01641320778372788,0.01641320778372788
2025-12-17,87851.74,90343.35,85280.69,86223.21,36654.93,3196552925.86,-0.018711221958347898,0.018711221958347898
2025-12-18,86223.21,89450.72,84424.2,85478.7,37000.62,3212930907.73,-0.00867217686748905,0.00867217686748905
2025-12-19,85478.7,89360.77,85085.96,88107.2,30053.32,2631213615.27,0.03028703281549195,0.03028703281549195
2025-12-20,88107.2,88542.21,87793.71,88340.83,5509.23,485865198.65,0.0026481467266146618,0.0026481467266146618
2025-12-21,88340.83,89047.71,87586.96,88647.8,9049.14,798755210.48,0.0034688138758478862,0.0034688138758478862
2025-12-22,88647.8,90551.12,87881.68,88566.92,29006.12,2587981701.25,-0.000912791055005946,0.000912791055005946
2025-12-23,88566.92,88897.58,86559.41,87440.81,23920.9,2097762546.31,-0.012796317142059137,0.012796317142059137
2025-12-24,87440.81,88003.03,86365.36,87620.12,16558.92,1443982911.33,0.002048544614800401,0.002048544614800401
2025-12-25,87620.12,88545.97,86913.66,87183.32,8950.93,785512556.31,-0.004997623721076114,0.004997623721076114
2025-12-26,87183.32,89503.42,86589.77,87315.1,24423.76,2146285656.23,0.0015103864556723192,0.0015103864556723192
2025-12-27,87315.1,87925.14,87154.06,87823.31,4960.63,433943569.04,0.00580354048459262,0.00580354048459262
2025-12-28,87823.31,88018.43,87381.32,87886.81,5733.05,502876455.57,0.0007227813943150504,0.0007227813943150504
2025-12-29,87886.81,90327.16,86704.68,87133.26,30609.16,2698231723.66,-0.00861106564902698,0.00861106564902698
2025-12-30,87133.26,89341.34,86732.68,88410.54,22736.07,2002631036.31,0.014552522405782801,0.014552522405782801
2025-12-31,88410.54,89105.68,87109.45,87519.13,18255.84,1607399099.44,-0.010133795266151132,0.010133795266151132
2026-01-01,87519.13,88806.59,87400.21,88742.68,9510.96,835819448.91,0.013883548041462315,0.013883548041462315
2026-01-02,88742.68,90940.54,88289.33,89959.25,32178.91,2884180579.57,0.013615843936961471,0.013615843936961471
2026-01-03,89959.25,90692.56,89288.1,90598.87,8300.07,747315427.58,0.007084950547293739,0.007084950547293739
2026-01-04,90598.87,91750.6,90598.62,91499.58,10582.97,965791644.63,0.009892641542034907,0.009892641542034907
2026-01-05,91499.58,94804.38,91483.13,93871.45,32652.53,3048567458.71,0.02559191101723346,0.02559191101723346
2026-01-06,93871.45,94428.7,91210.45,93720.48,29297.33,2727558377.19,-0.0016095578588361473,0.0016095578588361473
2026-01-07,93720.48,93720.65,90363.64,91287.12,26753.28,2453135155.95,-0.026307031000713764,0.026307031000713764
2026-01-08,91287.12,91578.27,89212.31,91032.92,29489.79,2669597853.95,-0.0027885049248177704,0.0027885049248177704
2026-01-09,91032.92,91948.91,89596.59,90524.71,29088.95,2639588033.82,-0.0055983472282336985,0.0055983472282336985
2026-01-10,90524.71,90713.65,90279.2,90391.76,4793.55,433879311.46,-0.0014697393104396344,0.0014697393104396344
2026-01-11,90391.76,91164.56,90122.7,90885.04,7635.61,692346756.17,0.005442298380397285,0.005442298380397285
2026-01-12,90885.04,92416.57,90020.58,91199.65,31732.96,2898331129.52,0.0034556481720273823,0.0034556481720273823
2026-01-13,91199.65,96126.37,90944.45,95374.03,46070.59,4301006824.49,0.04475525981920049,0.04475525981920049
2026-01-14,95374.03,97943.22,94530.69,96945.09,50778.17,4896225428.34,0.016338416571155732,0.016338416571155732
2026-01-15,96945.09,97178.67,95102.98,95583.86,33226.15,3196525932.98,-0.01414075839163418,0.01414075839163418
2026-01-16,95583.86,95835.5,94246.25,95521.19,22063.25,2100277132.85,-0.0006558696617021167,0.0006558696617021167
2026-01-17,95521.19,95607.52,95004.98,95117.69,5648.6,538364408.82,-0.00423314071654578,0.00423314071654578
2026-01-18,95117.69,95496.67,93583.3,93642.09,8546.82,810822826.11,-0.015635005078892383,0.015635005078892383
2026-01-19,93642.09,93642.84,92102.43,92569.44,20554.89,1906749298.24,-0.011520896310455548,0.011520896310455548
2026-01-20,92569.44,92813.52,87793.26,88329.83,37990.43,3430827950.31,-0.04688118943048916,0.04688118943048916
2026-01-21,88329.83,90502.34,87190.29,89380.69,47306.93,4213648826.41,0.01182678716908778,0.01182678716908778
2026-01-22,89380.69,90290.41,88441.13,89484.18,23966.16,2143899739.23,0.0011571865570746624,0.0011571865570746624
2026-01-23,89484.18,91140.22,88466.06,89506.66,25137.21,2254080166.25,0.0002511860396677888,0.0002511860396677888
2026-01-24,89506.66,89821.98,89047.54,89107.75,5309.41,474658685.05,-0.004466724305633717,0.004466724305633717
2026-01-25,89107.75,89203.31,86008.64,86581.03,19788.52,1730278902.02,-0.028765573159488904,0.028765573159488904
2026-01-26,86581.03,88787.86,86429.64,88274.7,28600.46,2509845961.76,0.019372804883019106,0.019372804883019106
2026-01-27,88274.7,89447.82,87212.27,89136.28,24324.97,2147188638.9,0.009712891202815821,0.009712891202815821
2026-01-28,89136.28,90481.33,88729.36,89182.72,27525.65,2461353226.9,0.0005208643055414669,0.0005208643055414669
2026-01-29,89182.72,89229.19,83243.73,84528.58,45122.46,3865349822.0,-0.05359759681627656,0.05359759681627656
2026-01-30,84528.58,84612.31,81047.62,84135.11,53884.23,4468762184.41,-0.004665742979917966,0.004665742979917966
2026-01-31,84135.11,84152.35,76029.54,78664.02,52359.6,4182557013.42,-0.06723808732642048,0.06723808732642048
2026-02-01,78664.02,79363.96,75653.86,76910.99,47181.0,3668393771.09,-0.022537092549340887,0.022537092549340887
2026-02-02,76910.99,79328.7,74579.63,78690.46,63702.51,4931866234.02,0.022873149079143285,0.022873149079143285
2026-02-03,78690.46,79141.27,72882.55,75679.06,62810.31,4798731139.8,-0.03902042430586294,0.03902042430586294
2026-02-04,75679.06,76891.77,71724.93,73021.96,65420.8,4852815767.03,-0.0357412861193105,0.0357412861193105
2026-02-05,73021.96,73193.96,62227.01,62811.67,128064.14,8672008182.17,-0.1506193335926166,0.1506193335926166
2026-02-06,62811.67,71703.46,60069.72,70535.76,105746.35,7081161121.78,0.11597893102533224,0.11597893102533224
2026-02-07,70535.76,71647.04,67315.5,69259.24,35663.46,2471348000.05,-0.01826324949167577,0.01826324949167577
2026-02-08,69259.24,72226.42,68857.91,70297.07,24372.4,1719521388.77,0.014873553658021368,0.014873553658021368
2026-02-09,70297.07,71391.44,68260.19,70108.93,43610.47,3050117447.16,-0.0026799440565696505,0.0026799440565696505
2026-02-10,70108.93,70486.44,67878.02,68807.07,35555.88,2457073817.72,-0.018743674083259394,0.018743674083259394
2026-02-11,68807.07,69253.29,65725.74,67039.77,47410.63,3185414005.15,-0.02602047590723769,0.02602047590723769
2026-02-12,67039.77,68380.57,65084.07,66220.82,42922.43,2860084574.0,-0.012291110372049609,0.012291110372049609
2026-02-13,66220.82,69434.68,65825.83,68816.44,37610.93,2551829375.2,0.03844775487452907,0.03844775487452907
2026-02-14,68816.44,70524.71,68706.51,69790.74,18574.98,1293190971.53,0.014058666328300279,0.014058666328300279
2026-02-15,69790.74,70948.5,68048.86,68800.76,22109.67,1533047880.15,-0.014286544821219096,0.014286544821219096
2026-02-16,68800.76,70094.71,67269.9,68869.47,24726.24,1692393594.43,0.0009981824785946169,0.0009981824785946169
2026-02-17,68869.47,69214.45,66592.03,67477.52,31820.5,2156085885.94,-0.020418468496210835,0.020418468496210835
2026-02-18,67477.52,68444.93,65838.1,66434.2,32280.23,2164847401.62,-0.015582521246942508,0.015582521246942508
2026-02-19,66434.2,67299.79,65618.44,66983.75,29384.21,1956480958.57,0.00823806853524778,0.00823806853524778
2026-02-20,66983.75,68297.95,66442.67,67997.02,38044.13,2565992687.01,0.01501382802581369,0.01501382802581369
2026-02-21,67997.02,68686.92,67528.59,67965.05,11686.08,796953223.51,-0.0004702782267026482,0.0004702782267026482
2026-02-22,67965.05,68233.91,67170.64,67626.88,11615.92,786667936.82,-0.004988065309805031,0.004988065309805031
2026-02-23,67626.88,67663.82,63879.72,64642.48,42373.83,2766008869.19,-0.04513375733640375,0.04513375733640375
2026-02-24,64642.48,64996.35,62551.85,64069.84,45607.54,2906212702.97,-0.00889804143430512,0.00889804143430512
2026-02-25,64069.84,70005.48,63922.45,67998.99,55809.16,3753044530.52,0.05951911374542476,0.05951911374542476
2026-02-26,67998.99,68867.59,66508.93,67498.16,44886.39,3038274772.26,-0.007392513876939732,0.007392513876939732
2026-02-27,67498.16,68227.68,64948.18,65870.53,41323.2,2743694516.97,-0.024409189475942568,0.024409189475942568
2026-02-28,65870.53,67756.22,63030.34,66985.3,39423.24,2566186201.06,0.016782043561793407,0.016782043561793407
2026-03-01,66985.3,68190.48,65043.22,65774.35,31940.58,2126537310.68,-0.01824324763008628,0.01824324763008628
2026-03-02,65774.35,70116.05,65261.45,68831.94,52714.29,3577629869.35,0.045437936693903336,0.045437936693903336
2026-03-03,68831.94,69257.29,66148.66,68338.0,47295.99,3209229703.13,-0.007201900575966278,0.007201900575966278
2026-03-04,68338.0,74083.89,67407.2,72685.14,58364.24,4177397786.89,0.06167098117460394,0.06167098117460394
2026-03-05,72685.14,73580.61,70649.03,70883.43,39182.16,2818687736.82,-0.025100265222147266,0.025100265222147266
2026-03-06,70883.43,71415.18,67734.1,68110.63,37984.6,2634646708.86,-0.039903401820331724,0.039903401820331724
2026-03-07,68110.63,68536.12,66935.38,67261.55,11943.05,809381009.5,-0.01254454400653059,0.01254454400653059
2026-03-08,67261.55,68191.22,65631.31,65974.07,20832.2,1393620547.64,-0.019326964905524692,0.019326964905524692
2026-03-09,65974.07,69537.79,65835.73,68438.57,39703.44,2709476164.15,0.03667476855033994,0.03667476855033994
2026-03-10,68438.57,71784.73,68390.84,69961.25,41624.34,2928859556.81,0.02200496275175934,0.02200496275175934
2026-03-11,69961.25,71346.32,68986.08,70205.19,34413.1,2418277293.19,0.0034807225793342324,0.0034807225793342324
2026-03-12,70205.19,70804.8,69210.99,70527.68,33129.51,2322381597.45,0.004583016952130446,0.004583016952130446
2026-03-13,70527.68,73942.2,70402.18,70941.65,39598.04,2849291467.57,0.005852451292157998,0.005852451292157998
2026-03-14,70941.65,71312.93,70324.71,71223.72,9824.66,695397584.7,0.0039682008373387746,0.0039682008373387746
2026-03-15,71223.72,73214.29,70872.84,72828.77,16622.47,1194265898.73,0.02228516043790331,0.02228516043790331
2026-03-16,72828.77,74911.2,72291.22,74884.52,35432.38,2613830614.25,0.027836124152992494,0.027836124152992494
2026-03-17,74884.52,76011.83,73419.9,73936.64,37904.84,2819675253.63,-0.012738683369930191,0.012738683369930191
2026-03-18,73936.64,74703.58,70493.02,71248.69,29963.04,2164801322.0,-0.03703207721065842,0.03703207721065842
2026-03-19,71248.69,71617.06,68778.11,69918.84,31432.32,2199132834.75,-0.018841292194181843,0.018841292194181843
2026-03-20,69918.84,71362.83,69382.16,70504.27,28202.11,1979988250.54,0.008338134539338167,0.008338134539338167
2026-03-21,70504.27,71082.27,68569.14,68909.77,10135.48,712826361.45,-0.022875307683271427,0.022875307683271427
2026-03-22,68909.77,69575.11,67346.39,67853.59,19080.94,1307961491.93,-0.015445671962840026,0.015445671962840026
2026-03-23,67853.59,71809.18,67435.52,70882.02,34476.12,2411208073.25,0.04366450904820359,0.04366450904820359
2026-03-24,70882.02,71384.93,68897.47,70532.1,27209.19,1908823520.28,-0.00494887942122259,0.00494887942122259
2026-03-25,70532.1,72021.21,70378.93,71305.31,21670.32,1542312170.57,0.01090287335964173,0.01090287335964173
2026-03-26,71305.31,71409.93,68112.31,68781.63,28504.28,1977691874.86,-0.036034095227545665,0.036034095227545665
2026-03-27,68781.63,69134.01,65507.78,66365.12,34935.43,2331409861.49,-0.0357650862143914,0.0357650862143914
2026-03-28,66365.12,67248.52,65892.41,66327.41,12045.71,801747050.55,-0.0005683816717519567,0.0005683816717519567
2026-03-29,66327.41,67075.8,64960.31,65967.75,14862.65,985393652.08,-0.0054372493456652645,0.0054372493456652645
2026-03-30,65967.75,68118.37,65754.18,66744.36,34021.82,2284385033.06,0.011703813087348004,0.011703813087348004
2026-03-31,66744.36,68533.41,65932.38,68233.98,34649.11,2333599626.6,0.022072881909569794,0.022072881909569794
2026-04-01,68233.98,69284.9,67544.7,68108.11,24234.59,1656756766.28,-0.0018463855990329275,0.0018463855990329275
2026-04-02,68108.11,68646.83,65700.61,66895.02,26281.88,1756579345.55,-0.01797177073747673,0.01797177073747673
2026-04-03,66895.02,67366.42,66278.89,66953.31,12707.87,849007595.22,0.0008709858940334686,0.0008709858940334686
2026-04-04,66953.31,67533.41,66775.08,67291.01,6444.27,432782453.72,0.005031135951686123,0.005031135951686123
2026-04-05,67291.01,69112.22,66604.57,69004.15,10554.43,712749539.51,0.025140000968897208,0.025140000968897208
2026-04-06,69004.15,70367.01,68336.5,68852.96,26913.27,1870697978.1,-0.002193431454008583,0.002193431454008583
2026-04-07,68852.96,72753.63,67716.12,71917.66,31146.4,2160155962.23,0.04354863722062025,0.04354863722062025
2026-04-08,71917.66,72857.69,70691.49,71086.44,28765.74,2059667780.52,-0.011625252162013317,0.011625252162013317
2026-04-09,71086.44,73148.53,70472.93,71803.46,29224.6,2095261926.07,0.010036062987387405,0.010036062987387405
2026-04-10,71803.46,73473.25,71434.98,72990.26,26151.44,1898530601.35,0.01639334328084755,0.01639334328084755
2026-04-11,72990.26,73823.07,72567.95,73077.66,9513.07,695313988.08,0.0011967037037355095,0.0011967037037355095
2026-04-12,73077.66,73165.73,70520.78,70750.05,13674.97,976072693.15,-0.032369468055852606,0.032369468055852606
2026-04-13,70750.05,74923.25,70582.11,74444.78,38520.57,2787168328.38,0.050904399264442096,0.050904399264442096
2026-04-14,74444.78,76121.51,73862.14,74176.82,42928.16,3211194613.9,-0.0036059400565265996,0.0036059400565265996
2026-04-15,74176.82,75450.74,73544.61,74831.35,22132.36,1645779221.08,0.008785212377428688,0.008785212377428688
2026-04-16,74831.35,75535.99,73312.86,75166.87,21293.97,1588474680.96,0.004473660548520374,0.004473660548520374
2026-04-17,75166.87,78372.28,74562.88,77102.12,35808.41,2753010618.88,0.025420201577969908,0.025420201577969908
2026-04-18,77102.12,77445.06,75476.58,75732.23,11067.1,844792731.06,-0.01792694753792192,0.01792694753792192
2026-04-19,75732.23,76274.36,73795.54,73824.27,15661.21,1176631430.59,-0.025516290078931456,0.025516290078931456
2026-04-20,73824.27,76596.97,73747.69,75864.88,23467.24,1769210218.91,0.027266323887025698,0.027266323887025698
2026-04-21,75864.88,76924.94,74828.26,76349.35,23009.24,1746476121.6,0.006365654984500754,0.006365654984500754
2026-04-22,76349.35,79515.58,76149.0,78209.43,30196.53,2365765590.07,0.02407071031299693,0.02407071031299693
2026-04-23,78209.43,78705.03,76986.12,78283.64,26275.53,2046838021.24,0.0009484126749200292,0.0009484126749200292
2026-04-24,78283.64,78604.69,77435.62,77682.54,17147.0,1336874771.3,-0.007708119493581877,0.007708119493581877
